name,localization
aaeA,IM
aaeB,IM
aaeR,CP
aaeX,IM
aas,IM
aat,CP
abgA,CP
abgB,CP
abgR,CP
abgT,IM
abpA,CP
abpB,CP
abrB,IM
accA,CP
accB,CP
accC,CP
accD,CP
aceA,CP
aceB,CP
aceE,CP
aceF,CP
aceK,CP
ackA,CP
acnA,CP
acnB,CP
acpH,CP
acpP,CP
acpS,CP
acpT,CP
acrA,LPI
acrB,IM
acrD,IM
acrE,LPI
acrF,IM
acrR,CP
acrZ,CP
acs,CP
actP,IM
ada,CP
add,CP
adeD,CP
adeP,IM
adeQ,IM
adhE,CP
adhP,CP
adiA,CP
adiC,IM
adiY,CP
adk,CP
aegA,CP
aer,IM
aes,CP
afuB,IM
afuC,CP
agaA,CP
agaB,CP
agaC,IM
agaD,IM
agaI,CP
agaR,CP
agaS,CP
agaV,CP
agaW,IM
agp,PE
ahpC,CP
ahpF,CP
ahr,CP
aidB,CP
ais,CP
alaA,CP
alaC,CP
alaE,IM
alaS,CP
aldA,CP
aldB,CP
alkA,CP
alkB,CP
allA,CP
allB,CP
allC,CP
allD,CP
allE,CP
allR,CP
allS,CP
alpA,CP
alr,CP
alsA,CP
alsB,PE
alsC,IM
alsE,CP
alsK,CP
alx,IM
amiA,PE
amiB,PE
amiC,PE
amiD,LPO
amn,CP
ampC,PE
ampD,CP
ampE,IM
ampG,IM
ampH,IM
amtB,IM
amyA,CP
anmK,CP
ansA,CP
ansB,PE
ansP,IM
apaG,CP
apaH,CP
aphA,PE
appA,PE
appB,IM
appC,IM
appX,CP
appY,CP
apt,CP
aqpZ,IM
araA,CP
araB,CP
araC,CP
araD,CP
araE,IM
araF,PE
araG,CP
araH,IM
araJ,IM
arcA,CP
arcB,IM
arfA,CP
arfB,CP
argA,CP
argB,CP
argC,CP
argD,CP
argE,CP
argF,CP
argG,CP
argH,CP
argI,CP
argK,CP
argO,IM
argP,CP
argR,CP
argS,CP
argT,PE
ariR,CP
arnA,CP
arnB,CP
arnC,IM
arnD,CP
arnE,IM
arnF,IM
arnT,IM
aroA,CP
aroB,CP
aroC,CP
aroD,CP
aroE,CP
aroF,CP
aroG,CP
aroH,CP
aroK,CP
aroL,CP
aroM,CP
aroP,IM
arpA,CP
arpB_1,CP
arpB_2,CP
arsB,IM
arsC,CP
arsR,CP
artI,PE
artJ,PE
artM,IM
artP,CP
artQ,IM
ascB,CP
ascF,IM
ascG,CP
asd,CP
aslA,PE
aslB,CP
asmA,PE
asnA,CP
asnB,CP
asnC,CP
asnS,CP
aspA,CP
aspC,CP
aspS,CP
asr,PE
astA,CP
astB,CP
astC,CP
astD,CP
astE,CP
atl,CP
atoA,CP
atoB,CP
atoC,CP
atoD,CP
atoE,IM
atoS,IM
atpA,CP
atpB,IM
atpC,CP
atpD,CP
atpE,IM
atpF,IM
atpG,CP
atpH,CP
atpI,IM
avtA,CP
azoR,CP
azuC,CP
bacA,IM
baeR,CP
baeS,IM
bamA,OM
bamB,LPO
bamC,LPO
bamD,LPO
bamE,LPO
barA,IM
basR,CP
basS,IM
bax,PE
bcp,CP
bcr,IM
bcsA,IM
bcsB,IM
bcsC,OM
bcsE,CP
bcsF,CP
bcsG,IM
bcsQ,CP
bcsZ,EC
bdcA,CP
bdcR,CP
bdm,CP
bepA,PE
betA,CP
betB,CP
betI,CP
betT,IM
bfd,CP
bfr,CP
bglA,CP
bglB,CP
bglF,IM
bglG,CP
bglH,OM
bglJ,CP
bglX,PE
bhsA,OM
bioA,CP
bioB,CP
bioC,CP
bioD,CP
bioF,CP
bioH,CP
bipA,CP
birA,CP
bisC,CP
blc,LPO
blr,IM
bluF,CP
bluR,CP
bolA,CP
borD,LPO
brnQ,IM
bsmA,LPO
bssR,CP
bssS,CP
btuB,OM
btuC,IM
btuD,CP
btuE,CP
btuF,PE
btuR,CP
cadA,CP
cadB,IM
cadC,IM
caiA,CP
caiB,CP
caiC,CP
caiD,CP
caiE,CP
caiF,CP
caiT,IM
can,CP
carA,CP
carB,CP
cas1,CP
cas2,CP
cas3,CP
casA,CP
casB,CP
casC,CP
casD,CP
casE,CP
cbeA,CP
cbl,CP
cbpA,CP
cbpM,CP
cbrA,CP
cbrB,IM
cbrC,CP
cbtA,CP
cca,CP
ccmA,CP
ccmB,IM
ccmC,IM
ccmD,IM
ccmE,IM
ccmF,IM
ccmG,IM
ccmH,IM
cdaR,CP
cdd,CP
cdgI,IM
cdh,IM
cdsA,IM
cedA,CP
cfa,CP
chaA,IM
chaB,CP
chaC,CP
chbA,CP
chbB,CP
chbC,IM
chbF,CP
chbG,CP
chbR,CP
cheA,CP
cheB,CP
cheR,CP
cheW,CP
cheY,CP
cheZ,CP
chiA,PE
chiP,OM
cho,CP
chpB,CP
chpS,CP
cirA,OM
citC,CP
citD,CP
citE,CP
citF,CP
citG,CP
citT,IM
citX,CP
clcA,IM
clcB,IM
clpA,CP
clpB,CP
clpP,CP
clpS,CP
clpX,CP
clsA,IM
clsB,CP
clsC,CP
cmk,CP
cmoA,CP
cmoB,CP
cmoM,CP
cmtA,IM
cmtB,CP
cnu,CP
coaA,CP
coaD,CP
coaE,CP
cobB,CP
cobC,CP
cobS,IM
cobT,CP
cobU,CP
codA,CP
codB,IM
cof,CP
comR,CP
copA,IM
corA,IM
cpdA,CP
cpdB,PE
cpoB,PE
cpsB,CP
cpsG,CP
cptA,IM
cpxA,IM
cpxP,PE
cpxR,CP
cra,CP
crcB,IM
creA,PE
creB,CP
creC,IM
creD,IM
crfC,CP
crl,CP
crp,CP
crr,CP
csdA,CP
csdE,CP
csgA,EC
csgB,EC
csgC,CP
csgD,CP
csgE,PE
csgF,OM
csgG,OM
csiD,CP
csiE,CP
csiR,CP
cspA,CP
cspB,CP
cspC,CP
cspD,CP
cspE,CP
cspF,CP
cspG,CP
cspH,CP
cspI,CP
csrA,CP
csrD,IM
cstA,IM
cueO,PE
cueR,CP
curA,CP
cusA,IM
cusB,MR
cusC,OM
cusF,PE
cusR,CP
cusS,IM
cutA,CP
cutC,CP
cvpA,IM
cvrA,IM
cyaA,CP
cyaY,CP
cybB,IM
cycA,IM
cydA,IM
cydB,IM
cydC,IM
cydD,IM
cydX,IM
cynR,CP
cynS,CP
cynT,CP
cynX,IM
cyoA,IM
cyoB,IM
cyoC,IM
cyoD,IM
cyoE,IM
cysA,CP
cysB,CP
cysC,CP
cysD,CP
cysE,CP
cysG,CP
cysH,CP
cysI,CP
cysJ,CP
cysK,CP
cysM,CP
cysN,CP
cysP,PE
cysQ,CP
cysS,CP
cysU,IM
cysW,IM
cysZ,IM
cytR,CP
dacA,IM
dacB,PE
dacC,IM
dacD,IM
dadA,IM
dadX,CP
dam,CP
damX,IM
dapA,CP
dapB,CP
dapD,CP
dapE,CP
dapF,CP
dauA,IM
dbpA,CP
dcd,CP
dcm,CP
dcp,CP
dcrB,PE
dctA,IM
dctR,CP
dcuA,IM
dcuB,IM
dcuC,IM
dcuD,IM
dcuR,CP
dcuS,IM
dcyD,CP
ddlA,CP
ddlB,CP
ddpA,PE
ddpB,IM
ddpC,IM
ddpD,CP
ddpF,CP
ddpX,CP
deaD,CP
dedA,IM
dedD,IM
def,CP
degP,PE
degQ,PE
degS,PE
deoA,CP
deoB,CP
deoC,CP
deoD,CP
deoR,CP
der,CP
dfp,CP
dgcC,IM
dgcE,IM
dgcF,IM
dgcI,IM
dgcJ,IM
dgcM,CP
dgcN,IM
dgcP,CP
dgcQ,IM
dgcT,IM
dgcZ,CP
dgkA,IM
dgoA,CP
dgoD,CP
dgoK,CP
dgoR,CP
dgoT,IM
dgt,CP
dhaK,CP
dhaL,CP
dhaM,CP
dhaR,CP
diaA,CP
dicA,CP
dicB,CP
dicC,CP
dinB,CP
dinD,CP
dinF,IM
dinG,CP
dinI,CP
dinJ,CP
dinQ,CP
djlA,IM
djlB,CP
djlC,CP
dkgA,CP
dkgB,CP
dksA,CP
dld,CP
dmlA,CP
dmlR,CP
dmsA,IM
dmsB,CP
dmsC,IM
dmsD,CP
dnaA,CP
dnaB,CP
dnaC,CP
dnaE,CP
dnaG,CP
dnaJ,CP
dnaK,CP
dnaN,CP
dnaQ,CP
dnaT,CP
dnaX,CP
dosC,CP
dosP,CP
dpiA,CP
dpiB,IM
dppA,PE
dppB,IM
dppC,IM
dppD,CP
dppF,CP
dps,CP
dsbA,PE
dsbB,IM
dsbC,PE
dsbD,IM
dsbG,PE
dsdA,CP
dsdC,CP
dsdX,IM
dsrB,CP
dtd,CP
dtpA,IM
dtpB,IM
dtpC,IM
dtpD,IM
dusA,CP
dusB,CP
dusC,CP
dut,CP
dxr,CP
dxs,CP
eaeH,OM
eamA,IM
eamB,IM
ebgA,CP
ebgC,CP
ebgR,CP
ecnA,LPO
ecnB,LPO
eco,PE
ecpA,EC
ecpB,PE
ecpC,OM
ecpD,EC
ecpE,CP
ecpR,CP
eda,CP
edd,CP
efeB,PE
efeO,PE
efeU_1,CP
efp,CP
elaA,CP
elaB,CP
elaD,CP
elbB,CP
elfA,EC
elfC,OM
elfD,PE
elfG,CP
elyC,IM
emrA,IM
emrB,IM
emrD,IM
emrE,IM
emrK,IM
emrY,IM
emtA,LPO
endA,PE
eno,CP
entA,CP
entB,CP
entC,CP
entD,CP
entE,CP
entF,CP
entH,CP
entS,IM
envC,PE
envR,CP
envY,CP
envZ,IM
epd,CP
epmA,CP
epmB,CP
epmC,CP
eptA,IM
eptB,IM
eptC,IM
era,CP
erpA,CP
essD,CP
essQ,CP
etk,IM
etp,CP
ettA,CP
eutA,CP
eutB,CP
eutC,CP
eutD,CP
eutE,CP
eutG,CP
eutH,IM
eutJ,CP
eutK,CP
eutL,CP
eutM,CP
eutN,CP
eutP,CP
eutQ,CP
eutR,CP
eutS,CP
eutT,CP
evgA,CP
evgS,IM
exbB,IM
exbD,IM
exoX,CP
exuR,CP
exuT,IM
fabA,CP
fabB,CP
fabD,CP
fabF,CP
fabG,CP
fabH,CP
fabI,CP
fabR,CP
fabZ,CP
fadA,CP
fadB,CP
fadD,CP
fadE,IM
fadH,CP
fadI,CP
fadJ,CP
fadK,CP
fadL,OM
fadM,CP
fadR,CP
fau,CP
fbaA,CP
fbaB,CP
fbp,CP
fcl,CP
fdhD,CP
fdhE,CP
fdhF,CP
fdnG,PE
fdnH,IM
fdnI,IM
fdoG,PE
fdoH,CP
fdoI,IM
fdrA,CP
fdx,CP
feaB,CP
feaR,CP
fecA,OM
fecB,PE
fecC,IM
fecD,IM
fecE,CP
fecI,CP
fecR,CP
feoA,CP
feoB,IM
feoC,CP
fepA,OM
fepB,PE
fepC,CP
fepD,IM
fepE,IM
fepG,IM
fes,CP
fetA,CP
fetB,IM
ffh,CP
fhlA,CP
fhuA,OM
fhuB,IM
fhuC,CP
fhuD,PE
fhuE,OM
fhuF,CP
fic,CP
fieF,IM
fimA,EC
fimB,CP
fimC,PE
fimD,OM
fimE,CP
fimF,EC
fimG,CP
fimH,CP
fimI,EC
fimZ,CP
fis,CP
fiu,OM
fixA,CP
fixB,CP
fixC,CP
fixX,CP
fklB,CP
fkpA,PE
fkpB,CP
fldA,CP
fldB,CP
flgA,PE
flgB,CP
flgC,CP
flgD,CP
flgE,EC
flgF,CP
flgG,CP
flgH,EC
flgI,PE
flgJ,CP
flgK,EC
flgL,EC
flgM,CP
flgN,CP
flhA,IM
flhB,IM
flhC,CP
flhD,CP
flhE,PE
fliA,CP
fliC,EC
fliD,EC
fliE,CP
fliF,IM
fliG,CP
fliH,CP
fliI,CP
fliJ,CP
fliK,CP
fliL,IM
fliM,CP
fliN,CP
fliO,IM
fliP,IM
fliQ,IM
fliR,IM
fliS,CP
fliT,CP
fliZ,CP
flk,IM
flu,OM
flxA,CP
fmt,CP
fnr,CP
focA,IM
focA,IM
focB,IM
folA,CP
folB,CP
folC,CP
folD,CP
folE,CP
folK,CP
folM,CP
folP,CP
folX,CP
fpr,CP
frc,CP
frdA,CP
frdB,CP
frdC,IM
frdD,IM
fre,CP
frlA,IM
frlB,CP
frlC,CP
frlD,CP
frlR,CP
frmA,CP
frmB,CP
frmR,CP
frr,CP
frsA,CP
fruA,IM
fruB,CP
fruK,CP
frvA,CP
frvB,IM
frvR,CP
frvX,CP
frwB,CP
frwC,IM
frwD,CP
fryA,CP
fryB,CP
fryC,IM
fsaA,CP
fsaB,CP
fsr,IM
ftnA,CP
ftnB,CP
ftp,CP
ftsA,CP
ftsB,IM
ftsE,IM
ftsH,IM
ftsI,IM
ftsK,IM
ftsL,IM
ftsN,IM
ftsP,PE
ftsQ,IM
ftsW,IM
ftsX,IM
ftsY,IM
ftsZ,CP
fucA,CP
fucI,CP
fucK,CP
fucO,CP
fucP,IM
fucR,CP
fucU,CP
fumA,CP
fumB,CP
fumC,CP
fur,CP
fusA,CP
fxsA,IM
gabD,CP
gabP,IM
gabT,CP
gadA,CP
gadB,CP
gadC,IM
gadE,CP
gadW,CP
gadX,CP
galE,CP
galF,CP
galK,CP
galM,CP
galP,IM
galR,CP
galS,CP
galT,CP
galU,CP
gapA,CP
gapC_1,CP
gapC_2,CP
garD,CP
garK,CP
garL,CP
garP,IM
garR,CP
gatA,CP
gatB,CP
gatC,IM
gatD,CP
gatR_1,CP
gatR_2,CP
gatY,CP
gatZ,CP
gcd,IM
gcl,CP
gcvA,CP
gcvH,CP
gcvP,CP
gcvR,CP
gcvT,CP
gdhA,CP
gfcA,IM
gfcB,LPO
gfcC,PE
gfcD,LPO
gfcE,OM
ggt,PE
ghoS,CP
ghoT,IM
ghrA,CP
ghrB,CP
ghxP,IM
ghxQ,IM
glcA,IM
glcB,CP
glcC,CP
glcD,CP
glcE,CP
glcF,CP
glcG,CP
gldA,CP
glf,CP
glgA,CP
glgB,CP
glgC,CP
glgP,CP
glgS,CP
glgX,CP
glk,CP
glmM,CP
glmS,CP
glmU,CP
glnA,CP
glnB,CP
glnD,CP
glnE,CP
glnG,CP
glnH,PE
glnK,CP
glnL,CP
glnP,IM
glnQ,CP
glnS,CP
gloA,CP
gloB,CP
gloC,CP
glpA,CP
glpB,CP
glpC,CP
glpD,CP
glpE,CP
glpF,IM
glpG,IM
glpK,CP
glpQ,PE
glpR,CP
glpT,IM
glpX,CP
glrK,IM
glrR,CP
gltA,CP
gltB,CP
gltD,CP
gltF,PE
gltI,PE
gltJ,IM
gltK,IM
gltL,CP
gltP,IM
gltS,IM
gltX,CP
gluQ,CP
glvB,CP
glvC,IM
glvG,CP
glxK,CP
glxR,CP
glyA,CP
glyQ,CP
glyS,CP
gmd,CP
gmhB,CP
gmk,CP
gmm,CP
gnd,CP
gnsA,CP
gnsB,CP
gntK,CP
gntP,IM
gntR,CP
gntT,IM
gntU,IM
gntX,CP
gor,CP
gph,CP
gpmA,CP
gpmM,CP
gpp,CP
gpsA,CP
gpt,CP
grcA,CP
greA,CP
greB,CP
groL,CP
groS,CP
grpE,CP
grxA,CP
grxB,CP
grxC,CP
grxD,CP
gshA,CP
gshB,CP
gsiA,CP
gsiB,PE
gsiC,IM
gsiD,IM
gsk,CP
gspA,IM
gspB,CP
gspC,IM
gspD,OM
gspE,CP
gspF,IM
gspG,IM
gspH,IM
gspI,IM
gspJ,IM
gspK,IM
gspL,IM
gspM,IM
gspO,IM
gss,CP
gstA,CP
gstB,CP
guaA,CP
guaB,CP
guaC,CP
guaD,CP
gudD,CP
gudP,IM
gudX,CP
gutM,CP
gutQ,CP
gyrA,CP
gyrB,CP
hcaB,CP
hcaC,CP
hcaD,CP
hcaE,CP
hcaF,CP
hcaR,CP
hcaT,IM
hchA,CP
hcp,CP
hcr,CP
hda,CP
hdeA,PE
hdeB,PE
hdeD,IM
hdfR,CP
hdhA,CP
helD,CP
hemA,CP
hemB,CP
hemC,CP
hemD,CP
hemE,CP
hemF,CP
hemG,CP
hemH,CP
hemL,CP
hemN,CP
hemX,IM
hemY,IM
hflC,IM
hflD,CP
hflK,IM
hflX,CP
hfq,CP
hha,CP
hicA,CP
hicB,CP
higA,CP
higB,CP
hinT,CP
hipA,CP
hipB,CP
hisA,CP
hisB,CP
hisC,CP
hisD,CP
hisF,CP
hisG,CP
hisH,CP
hisI,CP
hisJ,PE
hisL,CP
hisM,IM
hisP,CP
hisQ,IM
hisS,CP
hlyE,CP
hmp,CP
hns,CP
hofB,CP
hofC,IM
hofM,CP
hofN,CP
hofO,IM
hofP,CP
hofQ,OM
hokA,MR
hokB,CP
hokC,CP
hokD,CP
hokE,MR
holA,CP
holB,CP
holC,CP
holD,CP
holE,CP
hpf,CP
hpt,CP
hrpA,CP
hrpB,CP
hscA,CP
hscB,CP
hscC,CP
hsdM,CP
hsdR,CP
hsdS,CP
hslJ,OM
hslO,CP
hslR,CP
hslU,CP
hslV,CP
hspQ,CP
hsrA,IM
htgA,CP
htpG,CP
htpX,IM
htrE,OM
htrL,CP
hupA,CP
hupB,CP
hyaA,IM
hyaB,CP
hyaC,IM
hyaD,CP
hyaE,CP
hyaF,CP
hybA,PE
hybB,IM
hybC,CP
hybD,CP
hybE,CP
hybF,CP
hybG,CP
hybO,PE
hycA,CP
hycB,CP
hycC,IM
hycD,IM
hycE,CP
hycF,CP
hycG,CP
hycH,CP
hycI,CP
hydN,CP
hyfA,CP
hyfB,IM
hyfC,IM
hyfD,IM
hyfE,IM
hyfF,IM
hyfG,CP
hyfH,CP
hyfI,CP
hyfJ,CP
hyfR,CP
hyi,CP
hypA,CP
hypB,CP
hypC,CP
hypD,CP
hypE,CP
hypF,CP
hypT,CP
hyuA,CP
iaaA,CP
iadA,CP
iap,PE
ibaG,CP
ibpA,CP
ibpB,CP
icd,CP
icdC,CP
iclR,CP
idi,CP
idnD,CP
idnK,CP
idnO,CP
idnR,CP
idnT,IM
ihfA,CP
ihfB,CP
ileS,CP
ilvA,CP
ilvB,CP
ilvC,CP
ilvD,CP
ilvE,CP
ilvG_1,CP
ilvG_2,CP
ilvH,CP
ilvI,CP
ilvL,CP
ilvM,CP
ilvN,CP
ilvX,CP
ilvY,CP
inaA,CP
infA,CP
infB,CP
infC,CP
insA-1,CP
insA-2,CP
insA-3,CP
insA-4,CP
insA-5,CP
insA-6,CP
insA-7,CP
insAB-1,CP
insAB-2,CP
insAB-3,CP
insAB-4,CP
insAB-5,CP
insAB-6,CP
insB-1,CP
insB-2,CP
insB-4,CP
insC-1,CP
insC-2,CP
insC-3,CP
insC-4,CP
insC-5,CP
insC-6,CP
insCD-1,CP
insCD-2,CP
insCD-3,CP
insCD-4,CP
insCD-5,CP
insCD-6,CP
insD,CP
insD-1,CP
insE-1,CP
insE-2,CP
insE-3,CP
insE-4,CP
insE-5,CP
insEF-1,CP
insEF-2,CP
insEF-3,CP
insEF-4,CP
insEF-5,CP
insF-1,CP
insG,CP
insH-1,CP
insH-10,CP
insH-11,CP
insH-2,CP
insH-3,CP
insH-4,CP
insH-5,CP
insH-6,CP
insH-7,CP
insH-8,CP
insH-9,CP
insI-1,CP
insI-2,CP
insI-3,CP
insJ,CP
insJK,CP
insK,CP
insL-1,CP
insL-2,CP
insL-3,CP
insN-1,CP
insN-2,CP
insO-1,CP
insO-2,CP
intA,CP
intB,CP
intD,CP
intE,CP
intF,CP
intG,CP
intQ,CP
intR,CP
intS,CP
intZ,CP
iraD,CP
iraM,CP
iraP,CP
iroK,CP
iscA,CP
iscR,CP
iscS,CP
iscU,CP
iscX,CP
ispA,CP
ispB,CP
ispD,CP
ispE,CP
ispF,CP
ispG,CP
ispH,CP
ispU,CP
ivbL,CP
ivy,PE
katE,CP
katG,CP
kbaY,CP
kbaZ,CP
kbl,CP
kch,IM
kdgK,CP
kdgR,CP
kdgT,IM
kdpA,IM
kdpB,IM
kdpC,IM
kdpD,IM
kdpE,CP
kdpF,CP
kdsA,CP
kdsB,CP
kdsC,CP
kdsD,CP
kduD,CP
kduI,CP
kefB,IM
kefC,IM
kefF,CP
kefG,CP
kgtP,IM
kilR,CP
kptA,CP
kup,IM
lacA,CP
lacI,CP
lacY,IM
lacZ,CP
lafU,CP
lamB,OM
lapA,IM
lapB,CP
ldcA,CP
ldcC,CP
ldhA,CP
ldrA,CP
ldrB,CP
ldrC,CP
ldrD,CP
ldtA,PE
ldtB,PE
ldtC,PE
ldtD,MR
ldtE,PE
lepA,CP
lepB,CP
leuA,CP
leuB,CP
leuC,CP
leuD,CP
leuE,IM
leuL,CP
leuO,CP
leuS,CP
lexA,CP
lfhA,CP
lgoD,CP
lgoR,CP
lgoT,IM
lgt,IM
lhgO,CP
lhr,CP
ligA,CP
ligB,CP
lipA,CP
lipB,CP
lit,IM
livF,CP
livG,CP
livH,IM
livJ,PE
livK,PE
livM,IM
lldD,CP
lldP,IM
lldR,CP
lnt,IM
loiP,LPO
lolA,PE
lolB,LPO
lolC,IM
lolD,IM
lolE,IM
lomR_1,CP
lomR_2,CP
lon,CP
lpcA,CP
lpd,CP
lplA,CP
lplT,IM
lpoA,LPO
lpoB,LPO
lpp,LPO
lptA,PE
lptB,CP
lptC,IM
lptD,OM
lptE,LPO
lptF,IM
lptG,IM
lpxA,CP
lpxB,CP
lpxC,CP
lpxD,CP
lpxH,CP
lpxK,IM
lpxL,IM
lpxM,IM
lpxP,IM
lpxT,IM
lrhA,CP
lrp,CP
lspA,IM
lsrA,CP
lsrB,PE
lsrC,IM
lsrD,IM
lsrF,CP
lsrG,CP
lsrK,CP
lsrR,CP
ltaE,CP
luxS,CP
lysA,CP
lysC,CP
lysO,IM
lysP,IM
lysR,CP
lysS,CP
lysU,CP
lyxK,CP
maa,CP
macA,IM
macB,IM
maeA,CP
maeB,CP
mak,CP
malE,PE
malF,IM
malG,IM
malI,CP
malK,CP
malM,PE
malP,CP
malQ,CP
malS,PE
malT,CP
malX,IM
malY,CP
malZ,CP
manA,CP
manX,CP
manY,IM
manZ,IM
map,CP
marA,CP
marB,PE
marC,IM
marR,CP
matP,CP
mazE,CP
mazF,CP
mazG,CP
mcbA,CP
mcbR,CP
mcrA,CP
mcrB,CP
mcrC,CP
mdaB,CP
mdfA,IM
mdh,CP
mdlA,IM
mdlB,IM
mdtA,IM
mdtB,IM
mdtC,IM
mdtD,IM
mdtE,IM
mdtF,IM
mdtG,IM
mdtH,IM
mdtI,IM
mdtJ,IM
mdtK,IM
mdtL,IM
mdtM,IM
mdtN,CP
mdtO,IM
mdtP,OM
mdtQ,CP
melA,CP
melB,IM
melR,CP
menA,IM
menB,CP
menC,CP
menD,CP
menE,CP
menF,CP
menH,CP
menI,CP
mepA,PE
mepH,PE
mepM,IM
mepS,LPO
metA,CP
metB,CP
metC,CP
metE,CP
metF,CP
metG,CP
metH,CP
metI,IM
metJ,CP
metK,CP
metL,CP
metN,CP
metQ,CP
metR,CP
mfd,CP
mglA,CP
mglB,PE
mglC,IM
mgrB,CP
mgsA,CP
mgtA,IM
mgtL,CP
mhpA,CP
mhpB,CP
mhpC,CP
mhpD,CP
mhpE,CP
mhpF,CP
mhpR,CP
mhpT,IM
miaA,CP
miaB,CP
minC,CP
minD,CP
minE,CP
mioC,CP
mipA,OM
mlaA,LPO
mlaB,CP
mlaC,PE
mlaD,IM
mlaE,IM
mlaF,IM
mlc,CP
mliC,LPO
mlrA,CP
mltA,LPO
mltB,LPO
mltC,LPO
mltD,LPO
mltF,CP
mltG,CP
mmuM,CP
mmuP,IM
mnaT,CP
mngA,IM
mngB,CP
mngR,CP
mnmA,CP
mnmC,CP
mnmE,CP
mnmG,CP
mntH,IM
mntP,IM
mntR,CP
mntS,CP
moaA,CP
moaB,CP
moaC,CP
moaD,CP
moaE,CP
mobA,CP
mobB,CP
mocA,CP
modA,PE
modB,IM
modC,CP
modE,CP
modF,CP
moeA,CP
moeB,CP
mog,CP
mokB,CP
mokC,MR
molR_1,CP
molR_2,CP
molR_3,CP
motA,IM
motB,IM
mpaA,CP
mpl,CP
mppA,PE
mprA,CP
mqo,IM
mqsA,CP
mqsR,CP
mraY,IM
mraZ,CP
mrcA,CP
mrcB,IM
mrdA,IM
mrdB,IM
mreB,CP
mreC,IM
mreD,IM
mrp,CP
mrr,CP
msbA,IM
mscK,IM
mscL,IM
mscM,IM
mscS,IM
msrA,CP
msrB,CP
msrC,CP
msrP,CP
msrQ,CP
msyB,CP
mtfA,CP
mtgA,IM
mtlA,IM
mtlD,CP
mtlR,CP
mtn,CP
mtr,IM
mug,CP
mukB,CP
mukE,CP
mukF,CP
murA,CP
murB,CP
murC,CP
murD,CP
murE,CP
murF,CP
murG,IM
murI,CP
murJ,IM
murP,IM
murQ,CP
murR,CP
mutH,CP
mutL,CP
mutM,CP
mutS,CP
mutT,CP
mutY,CP
mzrA,IM
nac,CP
nadA,CP
nadB,CP
nadC,CP
nadD,CP
nadE,CP
nadK,CP
nadR,CP
nagA,CP
nagB,CP
nagC,CP
nagE,IM
nagK,CP
nagZ,CP
nanA,CP
nanC,OM
nanE,CP
nanK,CP
nanM,PE
nanR,CP
nanS,CP
nanT,IM
napA,PE
napB,PE
napC,IM
napD,CP
napF,CP
napG,PE
napH,IM
narG,CP
narH,CP
narI,IM
narJ,CP
narK,IM
narL,CP
narP,CP
narQ,IM
narU,IM
narV,IM
narW,CP
narX,IM
narY,CP
narZ,CP
ndh,IM
ndk,CP
nei,CP
nemA,CP
nemR,CP
nepI,IM
nfi,CP
nfo,CP
nfrA,OM
nfrB,IM
nfsA,CP
nfsB,CP
nfuA,CP
nhaA,IM
nhaB,IM
nhaR,CP
nhoA,CP
nikA,PE
nikB,IM
nikC,IM
nikD,CP
nikE,CP
nikR,CP
nimR,CP
nimT,IM
ninE,CP
nirB,CP
nirC,IM
nirD,CP
nlpA,LPI
nlpC,LPO
nlpD,CP
nlpE,LPO
nlpI,CP
nmpC,OM
nohA,CP
nohB,CP
norR,CP
norV,CP
norW,CP
npr,CP
nrdA,CP
nrdB,CP
nrdD,CP
nrdE,CP
nrdF,CP
nrdG,CP
nrdH,CP
nrdI,CP
nrdR,CP
nrfA,PE
nrfB,PE
nrfC,PE
nrfD,IM
nrfE,IM
nrfF,PE
nrfG,LPO
nsrR,CP
nth,CP
nudB,CP
nudC,CP
nudE,CP
nudF,CP
nudG,CP
nudI,CP
nudJ,CP
nudK,CP
nudL,CP
nuoA,IM
nuoB,CP
nuoC,CP
nuoE,CP
nuoF,CP
nuoG,CP
nuoH,IM
nuoI,IM
nuoJ,IM
nuoK,IM
nuoL,IM
nuoM,IM
nuoN,IM
nupC,IM
nupG,IM
nupX,IM
nusA,CP
nusB,CP
nusG,CP
obgE,CP
ogrK,CP
ogt,CP
ompA,OM
ompC,OM
ompF,OM
ompG,OM
ompL,OM
ompN,OM
ompR,CP
ompT,OM
ompW,OM
ompX,OM
opgB,IM
opgC,IM
opgD,PE
opgE,IM
opgG,PE
opgH,IM
oppA,PE
oppB,IM
oppC,IM
oppD,CP
oppF,CP
orn,CP
ortT,IM
osmB,LPO
osmC,CP
osmE,LPO
osmF,PE
osmY,PE
otsA,CP
otsB,CP
oxc,CP
oxyR,CP
paaA,CP
paaB,CP
paaC,CP
paaD,CP
paaE,CP
paaF,CP
paaG,CP
paaH,CP
paaI,CP
paaJ,CP
paaK,CP
paaX,CP
paaY,CP
paaZ,CP
pabA,CP
pabB,CP
pabC,CP
pagP,OM
pal,LPO
panB,CP
panC,CP
panD,CP
panE,CP
panF,IM
panZ,CP
paoA,CP
paoB,CP
paoC,CP
paoD,CP
parC,CP
parE,CP
patA,CP
patD,CP
patZ,CP
pbl,CP
pbpC,IM
pbpG,PE
pck,CP
pcm,CP
pcnB,CP
pdeA,IM
pdeB,IM
pdeC,IM
pdeD,CP
pdeF,IM
pdeG,IM
pdeH,CP
pdeI,IM
pdeK,IM
pdeL,CP
pdeN,IM
pdeR,CP
pdhR,CP
pdxA,CP
pdxB,CP
pdxH,CP
pdxJ,CP
pdxK,CP
pdxY,CP
pepA,CP
pepB,CP
pepD,CP
pepE,CP
pepN,CP
pepP,CP
pepQ,CP
pepT,CP
perR,CP
pfkA,CP
pfkB,CP
pflA,CP
pflB,CP
pflC,CP
pflD,CP
pgaA,OM
pgaB,CP
pgaC,IM
pgaD,IM
pgi,CP
pgk,CP
pgl,CP
pgm,CP
pgpA,IM
pgpB,IM
pgpC,CP
pgrR,CP
pgsA,IM
pheA,CP
pheL,CP
pheM,CP
pheP,IM
pheS,CP
pheT,CP
phnC,CP
phnD,PE
phnE_1,CP
phnE_2,CP
phnF,CP
phnG,CP
phnH,CP
phnI,CP
phnJ,CP
phnK,CP
phnL,CP
phnM,CP
phnN,CP
phnO,CP
phnP,CP
phoA,PE
phoB,CP
phoE,OM
phoH,CP
phoP,CP
phoQ,IM
phoR,IM
phoU,CP
php,CP
phr,CP
pinE,CP
pinH,CP
pinQ,CP
pinR,CP
pitA,IM
pitB,IM
plaP,IM
pldA,OM
pldB,CP
pliG,PE
plsB,CP
plsC,IM
plsX,CP
pmbA,CP
pmrD,CP
pmrR,CP
pncA,CP
pncB,CP
pncC,CP
pnp,CP
pntA,IM
pntB,IM
pnuC,IM
polA,CP
polB,CP
potA,CP
potB,IM
potC,IM
potD,PE
potE,IM
potF,PE
potG,CP
potH,IM
potI,IM
poxB,CP
ppa,CP
ppc,CP
ppdA,CP
ppdB,CP
ppdC,CP
ppdD,CP
pphA,CP
pphB,CP
ppiA,PE
ppiB,CP
ppiC,CP
ppiD,IM
ppk,CP
pppA,IM
ppsA,CP
ppsR,CP
pptA,CP
ppx,CP
pqiA,IM
pqiB,CP
pqqL,CP
prc,IM
preA,CP
preT,CP
prfA,CP
prfB,CP
prfC,CP
prfH,CP
priA,CP
priB,CP
priC,CP
prkB,CP
prlC,CP
prlF,CP
prmA,CP
prmB,CP
prmC,CP
proA,CP
proB,CP
proC,CP
proP,IM
proQ,CP
proS,CP
proV,CP
proW,IM
proX,PE
proY,IM
prpB,CP
prpC,CP
prpD,CP
prpE,CP
prpR,CP
prs,CP
psd,CP
psiE,IM
psiF,CP
pspA,CP
pspB,IM
pspC,IM
pspD,IM
pspE,PE
pspF,CP
pspG,CP
pssA,CP
pstA,IM
pstB,CP
pstC,IM
pstS,PE
psuG,CP
psuK,CP
psuT,IM
pta,CP
pth,CP
ptrA,PE
ptrB,CP
ptsA,CP
ptsG,IM
ptsH,CP
ptsI,CP
ptsN,CP
ptsP,CP
purA,CP
purB,CP
purC,CP
purD,CP
purE,CP
purF,CP
purH,CP
purK,CP
purL,CP
purM,CP
purN,CP
purR,CP
purT,CP
purU,CP
putA,CP
putP,IM
puuA,CP
puuB,CP
puuC,CP
puuD,CP
puuE,CP
puuP,IM
puuR,CP
pykA,CP
pykF,CP
pyrB,CP
pyrC,CP
pyrD,CP
pyrE,CP
pyrF,CP
pyrG,CP
pyrH,CP
pyrI,CP
pyrL,CP
qmcA,CP
qor,CP
qorB,CP
qseB,CP
qseC,IM
queA,CP
queC,CP
queD,CP
queE,CP
queF,CP
queG,CP
racC,CP
racR,CP
radA,CP
radD,CP
raiA,CP
ralR,CP
rapA,CP
rapZ,CP
rarA,CP
rarD,IM
ratA,CP
ratB,CP
ravA,CP
rayT,CP
rbbA,IM
rbfA,CP
rbn,CP
rbsA,CP
rbsB,PE
rbsC,IM
rbsD,CP
rbsK,CP
rbsR,CP
rcdA,CP
rclA,CP
rclB,PE
rclC,IM
rclR,CP
rcnA,IM
rcnB,CP
rcnR,CP
rcsA,CP
rcsB,CP
rcsC,IM
rcsD,IM
rcsF,LPO
rdgB,CP
rdgC,CP
rdoA,CP
recA,CP
recB,CP
recC,CP
recD,CP
recE,CP
recF,CP
recG,CP
recJ,CP
recN,CP
recO,CP
recQ,CP
recR,CP
recT,CP
recX,CP
relA,CP
relB,CP
relE,CP
rem,CP
renD,CP
rep,CP
rfaD,CP
rfaE,CP
rfaH,CP
rfbA,CP
rfbB,CP
rfbC,CP
rfbD,CP
rfbX,IM
rfe,IM
rffC,CP
rffG,CP
rffH,CP
rffM,CP
rffT,CP
rhaA,CP
rhaB,CP
rhaD,CP
rhaM,CP
rhaR,CP
rhaS,CP
rhaT,IM
rhlB,CP
rhlE,CP
rho,CP
rhoL,CP
rhsA,CP
rhsB,CP
rhsC,CP
rhsD,CP
rhsE,CP
rhtA,IM
rhtB,IM
rhtC,IM
ribA,CP
ribB,CP
ribC,CP
ribD,CP
ribE,CP
ribF,CP
ridA,CP
rihA,CP
rihB,CP
rihC,CP
rimI,CP
rimJ,CP
rimK,CP
rimL,CP
rimM,CP
rimO,CP
rimP,CP
rlmA,CP
rlmB,CP
rlmC,CP
rlmD,CP
rlmE,CP
rlmF,CP
rlmG,CP
rlmH,CP
rlmI,CP
rlmJ,CP
rlmL,CP
rlmM,CP
rlmN,CP
rlpA,LPO
rluA,CP
rluB,CP
rluC,CP
rluD,CP
rluE,CP
rluF,CP
rmf,CP
rmuC,CP
rna,PE
rnb,CP
rnc,CP
rnd,CP
rne,IM
rng,CP
rnhA,CP
rnhB,CP
rnk,CP
rnlA,CP
rnlB,CP
rnpA,CP
rnr,CP
rnt,CP
rob,CP
rodZ,IM
rof,CP
roxA,CP
rpe,CP
rph,CP
rpiA,CP
rpiB,CP
rpiR,CP
rplA,CP
rplB,CP
rplC,CP
rplD,CP
rplE,CP
rplF,CP
rplI,CP
rplJ,CP
rplK,CP
rplL,CP
rplM,CP
rplN,CP
rplO,CP
rplP,CP
rplQ,CP
rplR,CP
rplS,CP
rplT,CP
rplU,CP
rplV,CP
rplW,CP
rplX,CP
rplY,CP
rpmA,CP
rpmB,CP
rpmC,CP
rpmD,CP
rpmE,CP
rpmF,CP
rpmG,CP
rpmH,CP
rpmI,CP
rpmJ,CP
rpoA,CP
rpoB,CP
rpoC,CP
rpoD,CP
rpoE,CP
rpoH,CP
rpoN,CP
rpoS,CP
rpoZ,CP
rppH,CP
rpsA,CP
rpsB,CP
rpsC,CP
rpsD,CP
rpsE,CP
rpsF,CP
rpsG,CP
rpsH,CP
rpsI,CP
rpsJ,CP
rpsK,CP
rpsL,CP
rpsM,CP
rpsN,CP
rpsO,CP
rpsP,CP
rpsQ,CP
rpsR,CP
rpsS,CP
rpsT,CP
rpsU,CP
rraA,CP
rraB,CP
rrrD,PE
rrrQ,CP
rsd,CP
rseA,CP
rseB,PE
rseC,IM
rseP,IM
rsfS,CP
rsgA,CP
rsmA,CP
rsmB,CP
rsmC,CP
rsmD,CP
rsmE,CP
rsmF,CP
rsmG,CP
rsmH,CP
rsmI,CP
rsmJ,CP
rspA,CP
rspB,CP
rssA,CP
rssB,CP
rstA,CP
rstB,IM
rsuA,CP
rsxA,IM
rsxB,IM
rsxC,CP
rsxD,IM
rsxE,IM
rsxG,IM
rtcA,CP
rtcB,CP
rtcR,CP
rusA,CP
rutA,CP
rutB,CP
rutC,CP
rutD,CP
rutE,CP
rutF,CP
rutG,IM
rutR,CP
ruvA,CP
ruvB,CP
ruvC,CP
rzoD,LPO
rzoR,LPO
rzpD,CP
rzpR,CP
sad,CP
safA,CP
sanA,IM
sapA,PE
sapB,IM
sapC,IM
sapD,CP
sapF,CP
satP,IM
sbcB,CP
sbcC,CP
sbcD,CP
sbmA,IM
sbmC,CP
sbp,PE
scpA,CP
scpB,CP
scpC,CP
sdaA,CP
sdaB,CP
sdaC,IM
sdhA,CP
sdhB,CP
sdhC,IM
sdhD,IM
sdhE,CP
sdiA,CP
secA,IM
secB,CP
secD,IM
secE,IM
secF,IM
secG,IM
secM,PE
secY,IM
selA,CP
selB,CP
selD,CP
seqA,CP
serA,CP
serB,CP
serC,CP
serS,CP
setA,IM
setB,IM
setC,IM
sfmA,EC
sfmC,PE
sfmD,OM
sfmF,EC
sfmH,EC
sfsA,CP
sfsB,CP
sgbE,CP
sgbH,CP
sgbU,CP
sgcA,CP
sgcB,CP
sgcC,IM
sgcE,CP
sgcQ,CP
sgcR,CP
sgcX,CP
sgrR,CP
sgrT,CP
shiA,IM
shoB,CP
sieB,IM
sixA,CP
skp,PE
slmA,CP
slp,LPO
slt,PE
slyA,CP
slyB,LPO
slyD,CP
slyX,CP
smf,CP
smg,CP
smpB,CP
smrA,CP
smrB,CP
sodA,CP
sodB,CP
sodC,PE
sohB,IM
solA,CP
soxR,CP
soxS,CP
speA,CP
speB,CP
speC,CP
speD,CP
speE,CP
speF,CP
speG,CP
spoT,CP
sppA,IM
spy,PE
sra,CP
srlA,IM
srlB,CP
srlD,CP
srlE,IM
srlR,CP
srmB,CP
ssb,CP
sseA,CP
sseB,CP
ssnA,CP
sspA,CP
sspB,CP
sstT,IM
ssuA,PE
ssuB,IM
ssuC,IM
ssuD,CP
ssuE,CP
stfE,CP
stfR,CP
sthA,CP
stpA,CP
sucA,CP
sucB,CP
sucC,CP
sucD,CP
sufA,CP
sufB,CP
sufC,CP
sufD,CP
sufE,CP
sufS,CP
sugE,IM
suhB,CP
sulA,CP
surA,PE
sutR,CP
sxy,CP
syd,CP
symE,CP
tabA,CP
tadA,CP
tag,CP
talA,CP
talB,CP
tam,CP
tamA,OM
tamB,IM
tap,IM
tar,IM
tas,CP
tatA,IM
tatB,CP
tatC,IM
tatD,CP
tatE,CP
tauA,PE
tauB,CP
tauC,IM
tauD,CP
tbpA,PE
tcdA,MR
tcyJ,PE
tcyL,IM
tcyN,CP
tcyP,IM
tdcA,CP
tdcB,CP
tdcC,IM
tdcD,CP
tdcE,CP
tdcF,CP
tdcG,CP
tdcR,CP
tdh,CP
tdk,CP
tehA,IM
tehB,CP
tesA,PE
tesB,CP
tfaD,CP
tfaE,CP
tfaQ,CP
tfaR,CP
tfaX,CP
tgt,CP
thiC,CP
thiD,CP
thiE,CP
thiF,CP
thiG,CP
thiH,CP
thiI,CP
thiK,CP
thiL,CP
thiM,CP
thiP,IM
thiQ,CP
thiS,CP
thpR,CP
thrA,CP
thrB,CP
thrC,CP
thrL,CP
thrS,CP
thyA,CP
tig,CP
tilS,CP
tisB,CP
tktA,CP
tktB,CP
tldD,CP
tmcA,CP
tmk,CP
tnaA,CP
tnaB,IM
tnaC,CP
tnaC,CP
tolA,IM
tolB,PE
tolC,OM
tolQ,IM
tolR,IM
tomB,CP
tonB,IM
topA,CP
topAI,CP
topB,CP
torA,PE
torC,IM
torD,CP
torI,CP
torR,CP
torS,IM
torT,PE
torY,IM
torZ,PE
tpiA,CP
tpr,CP
tpx,CP
tqsA,IM
treA,PE
treB,IM
treC,CP
treF,CP
treR,CP
trg,IM
trkA,CP
trkG,IM
trkH,IM
trmA,CP
trmD,CP
trmH,CP
trmI,CP
trmJ,CP
trmL,CP
trmO,CP
trpA,CP
trpB,CP
trpC,CP
trpD,CP
trpE,CP
trpL,CP
trpR,CP
trpS,CP
truA,CP
truB,CP
truC,CP
truD,CP
trxA,CP
trxB,CP
trxC,CP
tsaB,CP
tsaC,CP
tsaD,CP
tsaE,CP
tsf,CP
tsgA,IM
tsr,IM
tsx,OM
ttcA,CP
ttdA,CP
ttdB,CP
ttdR,CP
ttdT,IM
tufA,CP
tufB,CP
tus,CP
tusA,CP
tusB,CP
tusC,CP
tusD,CP
tusE,CP
tynA,PE
tyrA,CP
tyrB,CP
tyrP,IM
tyrR,CP
tyrS,CP
uacT,IM
ubiA,IM
ubiB,IM
ubiC,CP
ubiD,IM
ubiE,CP
ubiF,CP
ubiG,CP
ubiH,CP
ubiI,CP
ubiJ,CP
ubiX,CP
ucpA,CP
udk,CP
udp,CP
ugd,CP
ugpA,IM
ugpB,PE
ugpC,CP
ugpE,IM
ugpQ,CP
uhpA,CP
uhpB,IM
uhpC,IM
uhpT,IM
uidA,CP
uidB,IM
uidC,OM
uidR,CP
ulaA,IM
ulaB,CP
ulaC,CP
ulaD,CP
ulaE,CP
ulaF,CP
ulaG,CP
ulaR,CP
umpG,CP
umpH,CP
umuC,CP
umuD,CP
ung,CP
uof,CP
upp,CP
uraA,IM
usg,CP
ushA,PE
uspA,CP
uspB,IM
uspC,CP
uspD,CP
uspE,CP
uspF,CP
uspG,CP
uup,CP
uvrA,CP
uvrB,CP
uvrC,CP
uvrD,CP
uvrY,CP
uxaA,CP
uxaB,CP
uxaC,CP
uxuA,CP
uxuB,CP
uxuR,CP
valS,CP
ves,CP
viaA,CP
vsr,CP
waaA,IM
waaB,CP
waaC,CP
waaF,CP
waaG,CP
waaH,CP
waaJ,CP
waaL,IM
waaO,CP
waaP,CP
waaQ,CP
waaS,CP
waaU,IM
waaY,CP
waaZ,CP
wbbH,IM
wbbI,CP
wbbJ,CP
wbbK,CP
wbbL_1,CP
wcaA,CP
wcaB,CP
wcaC,CP
wcaD,IM
wcaE,CP
wcaF,CP
wcaI,CP
wcaJ,IM
wcaK,CP
wcaL,CP
wcaM,PE
wecB,CP
wecC,CP
wecE,CP
wecH,IM
wrbA,CP
wza,OM
wzb,CP
wzc,IM
wzxC,IM
wzxE,IM
wzyE,IM
wzzB,IM
wzzE,IM
xanP,IM
xanQ,IM
xapA,CP
xapB,IM
xapR,CP
xdhA,CP
xdhB,CP
xdhC,CP
xdhD,CP
xerC,CP
xerD,CP
xisE,CP
xisR,CP
xseA,CP
xseB,CP
xthA,CP
xylA,CP
xylB,CP
xylE,IM
xylF,PE
xylG,CP
xylH,IM
xylR,CP
yaaA,CP
yaaI,PE
yaaJ,IM
yaaU,IM
yaaW,CP
yaaX,CP
yaaY,CP
yabI,IM
yabP,CP
yabQ,CP
yacC,PE
yacG,CP
yacH,PE
yacL,CP
yadC,CP
yadD,CP
yadE,CP
yadG,CP
yadH,IM
yadI,CP
yadK,EC
yadL,CP
yadM,EC
yadN,EC
yadS,IM
yadV,PE
yaeF,LPO
yaeH,CP
yaeI,CP
yaeP,CP
yaeQ,CP
yaeR,CP
yafC,CP
yafD,CP
yafE,CP
yafF,CP
yafJ,CP
yafK,CP
yafL,PE
yafN,CP
yafO,CP
yafP,CP
yafQ,CP
yafS,CP
yafT,LPO
yafU,IM
yafV,CP
yafW,CP
yafX,CP
yafY,LPI
yafZ,CP
yagA,CP
yagB,CP
yagE,CP
yagF,CP
yagG,IM
yagH,CP
yagI,CP
yagJ,CP
yagK,CP
yagL,CP
yagM,CP
yagN,CP
yagP,CP
yagU,IM
yahB,CP
yahC,IM
yahD,CP
yahE,CP
yahF,CP
yahG,CP
yahH,CP
yahI,CP
yahJ,PE
yahK,CP
yahL,CP
yahM,CP
yahN,IM
yahO,PE
yaiA,CP
yaiE,CP
yaiF,CP
yaiI,CP
yaiL,CP
yaiO,OM
yaiP,IM
yaiS,CP
yaiT,EC
yaiU,OM
yaiV,CP
yaiW,LPO
yaiX,CP
yaiY,IM
yaiZ,IM
yajC,IM
yajD,CP
yajG,LPO
yajI,LPO
yajL,CP
yajO,CP
yajQ,CP
yajR,IM
ybaA,CP
ybaB,CP
ybaE,CP
ybaK,CP
ybaL,IM
ybaM,CP
ybaN,IM
ybaO,CP
ybaP,CP
ybaQ,CP
ybaS,CP
ybaT,IM
ybaV,PE
ybaY,LPO
ybbA,CP
ybbB,CP
ybbC,LPO
ybbD,CP
ybbJ,IM
ybbN,CP
ybbO,CP
ybbP,IM
ybbW,IM
ybbY,IM
ybcC,CP
ybcD,CP
ybcF,CP
ybcH,PE
ybcI,IM
ybcJ,CP
ybcK,CP
ybcL,PE
ybcM,CP
ybcN,CP
ybcO,CP
ybcQ,CP
ybcV,CP
ybcW,CP
ybcY,CP
ybdD,CP
ybdF,CP
ybdG,IM
ybdH,CP
ybdJ,IM
ybdK,CP
ybdL,CP
ybdM,CP
ybdN,CP
ybdO,CP
ybdR,CP
ybdZ,CP
ybeD,CP
ybeF,CP
ybeL,CP
ybeM_1,CP
ybeM_2,CP
ybeQ,CP
ybeR,CP
ybeT,LPO
ybeU,CP
ybeX,CP
ybeY,CP
ybeZ,CP
ybfA,CP
ybfB,IM
ybfC,PE
ybfD,CP
ybfE,CP
ybfF,CP
ybfG,CP
ybfH,CP
ybfK,CP
ybfL,CP
ybfN,LPO
ybfO,CP
ybfP,LPO
ybfQ,CP
ybgA,CP
ybgC,CP
ybgD,EC
ybgE,IM
ybgI,CP
ybgJ,CP
ybgK,CP
ybgL,CP
ybgO,EC
ybgP,PE
ybgQ,OM
ybgS,PE
ybhA,CP
ybhB,CP
ybhC,LPO
ybhD,CP
ybhF,CP
ybhG,IM
ybhH,CP
ybhI,IM
ybhJ,CP
ybhK,CP
ybhL,IM
ybhM,IM
ybhN,IM
ybhP,CP
ybhQ,IM
ybhR,IM
ybhS,IM
ybiA,CP
ybiB,CP
ybiC,CP
ybiH,CP
ybiI,CP
ybiJ,CP
ybiO,IM
ybiR,IM
ybiT,CP
ybiU,CP
ybiV,CP
ybiW,CP
ybiX,CP
ybiY,CP
ybjC,IM
ybjD,CP
ybjG,IM
ybjH,CP
ybjI,CP
ybjJ,IM
ybjL,IM
ybjM,IM
ybjN,CP
ybjO,IM
ybjP,LPO
ybjQ,CP
ybjS,CP
ybjT,CP
ybjX,CP
ycaC,CP
ycaD,IM
ycaI,IM
ycaK,CP
ycaL,EC
ycaM,IM
ycaN,CP
ycaO,CP
ycaP,IM
ycaQ,CP
ycaR,CP
ycbF,PE
ycbJ,CP
ycbK,PE
ycbU,EC
ycbV,EC
ycbX,CP
ycbZ,CP
yccA,IM
yccE,CP
yccF,IM
yccJ,CP
yccM,IM
yccS,IM
yccT,PE
yccU,CP
yccX,CP
ycdU,IM
ycdX,CP
ycdY,CP
ycdZ,IM
yceA,CP
yceB,CP
yceD,CP
yceF,CP
yceH,CP
yceI,PE
yceJ,IM
yceK,OM
yceM,CP
yceO,CP
yceQ,CP
ycfH,CP
ycfJ,MR
ycfK,CP
ycfL,LPO
ycfP,CP
ycfT,IM
ycfZ,IM
ycgB,CP
ycgH_1,CP
ycgH_2,CP
ycgI,CP
ycgJ,PE
ycgL,CP
ycgM,CP
ycgN,CP
ycgR,CP
ycgV,OM
ycgX,CP
ycgY,CP
ycgZ,CP
ychA,CP
ychE,IM
ychE_1,CP
ychF,CP
ychG_1,CP
ychG_2,CP
ychH,IM
ychJ,CP
ychN,CP
ychO,PE
ychQ,IM
ychS,CP
yciA,CP
yciB,IM
yciC,IM
yciE,CP
yciF,CP
yciG,CP
yciH,CP
yciI,CP
yciK,CP
yciN,CP
yciO,CP
yciQ,IM
yciT,CP
yciU,CP
yciV,CP
yciW,CP
yciX,CP
yciY,CP
yciZ,CP
ycjD,CP
ycjF,IM
ycjG,CP
ycjM,CP
ycjN,CP
ycjO,IM
ycjP,IM
ycjQ,CP
ycjR,CP
ycjS,CP
ycjT,CP
ycjU,CP
ycjV,CP
ycjW,CP
ycjX,CP
ycjY,CP
ydaC,CP
ydaE,CP
ydaF,CP
ydaG,CP
ydaN,IM
ydaS,PE
ydaT,CP
ydaU,CP
ydaV,CP
ydaW,CP
ydaY,CP
ydbA_1,CP
ydbA_2,CP
ydbC,CP
ydbD,IM
ydbH,IM
ydbJ,LPO
ydbK,CP
ydbL,CP
ydcA,PE
ydcC,CP
ydcD,CP
ydcF,CP
ydcH,CP
ydcI,CP
ydcJ,CP
ydcK,CP
ydcL,LPO
ydcM,CP
ydcO,IM
ydcP,CP
ydcR,CP
ydcS,PE
ydcT,CP
ydcU,IM
ydcV,IM
ydcY,CP
ydcZ,IM
yddA,IM
yddB,OM
yddE,CP
yddG,IM
yddH,CP
yddJ,CP
yddK,CP
yddL,OM
yddM,CP
yddW,LPO
ydeA,IM
ydeE,IM
ydeI,PE
ydeJ,CP
ydeK,LPO
ydeM,CP
ydeN,PE
ydeO,CP
ydeP,CP
ydeQ,CP
ydeR,EC
ydeS,EC
ydeT,OM
ydeU,OM
ydfA,CP
ydfB,CP
ydfC,CP
ydfD,CP
ydfE,CP
ydfG,CP
ydfH,CP
ydfI,CP
ydfJ,IM
ydfK,CP
ydfN,CP
ydfO,CP
ydfP,CP
ydfR,CP
ydfT,CP
ydfU,CP
ydfV,CP
ydfW,CP
ydfX,CP
ydfZ,CP
ydgA,CP
ydgC,IM
ydgD,PE
ydgH,PE
ydgI,IM
ydgJ,CP
ydgK,IM
ydgU,CP
ydhB,CP
ydhC,IM
ydhF,CP
ydhI,IM
ydhJ,IM
ydhK,IM
ydhL,CP
ydhP,IM
ydhQ,CP
ydhR,CP
ydhS,CP
ydhT,CP
ydhU,IM
ydhV,CP
ydhW,CP
ydhX,CP
ydhY,CP
ydhZ,CP
ydiB,CP
ydiE,CP
ydiF,CP
ydiH,CP
ydiJ,CP
ydiK,IM
ydiL,CP
ydiM,IM
ydiN,IM
ydiO,CP
ydiP,CP
ydiQ,CP
ydiR,CP
ydiS,CP
ydiT,CP
ydiU,CP
ydiV,CP
ydiY,OM
ydiZ,CP
ydjA,CP
ydjE,IM
ydjF,CP
ydjG,CP
ydjH,CP
ydjI,CP
ydjJ,CP
ydjK,IM
ydjL,CP
ydjM,IM
ydjO,CP
ydjX,IM
ydjY,CP
ydjZ,IM
yeaC,CP
yeaD,CP
yeaE,CP
yeaG,CP
yeaH,CP
yeaK,CP
yeaL,IM
yeaO,CP
yeaQ,IM
yeaR,CP
yeaV,IM
yeaW,CP
yeaX,CP
yeaY,LPO
yebB,CP
yebC,CP
yebE,IM
yebF,EC
yebG,CP
yebK,CP
yebO,IM
yebQ,IM
yebS,IM
yebT,MR
yebV,CP
yebW,CP
yebY,CP
yebZ,IM
yecA,CP
yecD,CP
yecE,CP
yecF,CP
yecH,CP
yecJ,CP
yecM,CP
yecN,IM
yecR,LPO
yecT,PE
yedA,IM
yedD,CP
yedE,IM
yedF,CP
yedI,IM
yedJ,CP
yedK,CP
yedL,CP
yedM,CP
yedN_1,CP
yedN_2,CP
yedP,CP
yedR,IM
yedS_1,CP
yedS_2,CP
yedS_3,CP
yedV,IM
yedW,CP
yedX,PE
yeeA,IM
yeeD,CP
yeeE,IM
yeeJ,EC
yeeL_1,CP
yeeL_2,CP
yeeN,CP
yeeO,IM
yeeP,CP
yeeR,IM
yeeS,CP
yeeT,CP
yeeW,CP
yeeX,CP
yeeY,CP
yeeZ,CP
yefM,CP
yegD,CP
yegH,IM
yegI,CP
yegJ,PE
yegK,CP
yegL,CP
yegP,CP
yegQ,CP
yegR,LPO
yegS,CP
yegT,IM
yegU,CP
yegV,CP
yegW,CP
yegX,IM
yegZ,CP
yehA,EC
yehB,OM
yehC,PE
yehD,CP
yehE,PE
yehI,CP
yehK,CP
yehL,CP
yehM,CP
yehP,CP
yehQ,CP
yehR,LPO
yehS,CP
yehT,CP
yehU,IM
yehW,IM
yehX,CP
yehY,IM
yeiB,IM
yeiE,CP
yeiG,CP
yeiH,IM
yeiI,CP
yeiL,CP
yeiP,CP
yeiQ,CP
yeiR,CP
yeiS,IM
yeiW,CP
yejA,PE
yejB,IM
yejE,IM
yejF,CP
yejG,CP
yejK,CP
yejL,CP
yejM,IM
yejO,OM
yfaA,CP
yfaD,CP
yfaE,CP
yfaH,CP
yfaL,OM
yfaP,PE
yfaQ,PE
yfaS_1,CP
yfaS_2,CP
yfaT,PE
yfaU,CP
yfaV,IM
yfaW,CP
yfaX,CP
yfaY,CP
yfaZ,OM
yfbK,CP
yfbL,MR
yfbM,CP
yfbN,CP
yfbO,CP
yfbP,CP
yfbR,CP
yfbS,IM
yfbT,CP
yfbU,CP
yfbV,IM
yfcA,IM
yfcC,IM
yfcD,CP
yfcE,CP
yfcF,CP
yfcG,CP
yfcH,CP
yfcI,CP
yfcJ,IM
yfcL,CP
yfcO,PE
yfcP,CP
yfcQ,EC
yfcR,EC
yfcS,PE
yfcT,OM
yfcU,OM
yfcV,EC
yfcZ,CP
yfdC,IM
yfdE,CP
yfdF,CP
yfdG,IM
yfdH,IM
yfdI,IM
yfdK,CP
yfdL,CP
yfdM,CP
yfdN,CP
yfdO,CP
yfdP,CP
yfdQ,CP
yfdR,CP
yfdS,CP
yfdT,CP
yfdV,IM
yfdX,PE
yfdY,IM
yfeC,CP
yfeD,CP
yfeH,IM
yfeK,PE
yfeN,OM
yfeO,IM
yfeR,CP
yfeS,CP
yfeW,PE
yfeX,CP
yfeY,LPO
yfeZ,IM
yffB,CP
yffL,CP
yffM,CP
yffN,CP
yffO,CP
yffP,CP
yffQ,CP
yffR,CP
yffS,CP
yfgD,CP
yfgG,CP
yfgH,LPO
yfgI,PE
yfgJ,CP
yfgM,IM
yfgO,IM
yfhG,LPO
yfhH,CP
yfhL,CP
yfhM,LPI
yfhR,IM
yfiB,OM
yfiC,CP
yfiE,CP
yfiF,CP
yfiH,CP
yfiL,LPO
yfiM,LPI
yfiP,CP
yfiR,PE
yfjD,IM
yfjH,CP
yfjI,CP
yfjJ,CP
yfjM,CP
yfjP,CP
yfjQ,CP
yfjR,CP
yfjS,LPI
yfjT,PE
yfjU,CP
yfjW,IM
yfjX,CP
yfjY,CP
yfjZ,CP
ygaC,CP
ygaH,IM
ygaM,CP
ygaP,IM
ygaQ,CP
ygaU,CP
ygaV,CP
ygaX,CP
ygaY,IM
ygaZ,IM
ygbA,CP
ygbE,IM
ygbI,CP
ygbJ,CP
ygbK,CP
ygbL,CP
ygbM,CP
ygbN,IM
ygcE,CP
ygcG,IM
ygcN,CP
ygcO,CP
ygcP,CP
ygcQ,CP
ygcR,CP
ygcS,IM
ygcU,CP
ygcW,CP
ygdB,CP
ygdD,IM
ygdG,CP
ygdH,CP
ygdI,LPO
ygdQ,IM
ygdR,LPO
ygdT,CP
ygeA,CP
ygeF,CP
ygeG,CP
ygeH,CP
ygeI,CP
ygeK,CP
ygeL,CP
ygeM,CP
ygeN,CP
ygeO,CP
ygeP,CP
ygeQ,PE
ygeR,LPO
ygeV,CP
ygeW,CP
ygeX,CP
ygeY,CP
ygfB,CP
ygfF,CP
ygfI,CP
ygfK,CP
ygfM,CP
ygfS,CP
ygfT,CP
ygfZ,CP
yggC,CP
yggD,CP
yggE,PE
yggF,CP
yggI,CP
yggL,CP
yggM,PE
yggN,PE
yggP,CP
yggR,CP
yggS,CP
yggT,IM
yggU,CP
yggW,CP
yggX,CP
yghA,CP
yghB,IM
yghD,IM
yghE,CP
yghF,PE
yghG,LPO
yghJ,LPI
yghO,CP
yghQ,IM
yghR,CP
yghS,CP
yghT,CP
yghU,CP
yghW,CP
yghX_1,CP
yghX_2,CP
yghZ,CP
ygiA,CP
ygiB,OM
ygiC,CP
ygiD,CP
ygiF,CP
ygiH,IM
ygiL,EC
ygiM,IM
ygiN,CP
ygiQ,CP
ygiS,PE
ygiV,CP
ygiW,PE
ygiZ,IM
ygjH,CP
ygjI,IM
ygjJ,PE
ygjK,PE
ygjP,CP
ygjQ,IM
ygjR,CP
ygjV,IM
yhaB,CP
yhaC,CP
yhaH,IM
yhaI,IM
yhaJ,CP
yhaK,CP
yhaL,CP
yhaM,CP
yhaO,IM
yhaV,CP
yhbE,IM
yhbO,CP
yhbP,CP
yhbQ,CP
yhbS,CP
yhbT,CP
yhbU,CP
yhbV,CP
yhbW,CP
yhbX,IM
yhbY,CP
yhcA,CP
yhcB,IM
yhcC,CP
yhcD,OM
yhcF,PE
yhcG,CP
yhcH,CP
yhcN,PE
yhcO,CP
yhdE,CP
yhdH,CP
yhdJ,CP
yhdN,CP
yhdP,CP
yhdT,IM
yhdU,MR
yhdV,LPO
yhdW,CP
yhdX,IM
yhdY,IM
yhdZ,CP
yheO,CP
yheS,CP
yheT,CP
yheU,CP
yheV,CP
yhfA,CP
yhfG,CP
yhfK,IM
yhfL,MR
yhfS,CP
yhfT,IM
yhfU,CP
yhfW,CP
yhfX,CP
yhfY,CP
yhfZ,CP
yhgA,CP
yhgE,IM
yhgF,CP
yhgN,IM
yhhA,PE
yhhH,IM
yhhI,CP
yhhJ,IM
yhhL,IM
yhhM,CP
yhhN,IM
yhhQ,IM
yhhS,IM
yhhT,IM
yhhW,CP
yhhX,CP
yhhY,CP
yhhZ,CP
yhiD,IM
yhiI,IM
yhiJ,CP
yhiK,CP
yhiL,CP
yhiM,IM
yhiN,CP
yhiS_1,CP
yhjA,PE
yhjB,CP
yhjC,CP
yhjD,IM
yhjE,IM
yhjG,IM
yhjJ,PE
yhjR,CP
yhjV,IM
yhjX,IM
yhjY,OM
yiaA,IM
yiaB,IM
yiaC,CP
yiaD,IM
yiaF,LPI
yiaG,CP
yiaJ,CP
yiaK,CP
yiaL,CP
yiaM,IM
yiaN,IM
yiaO,PE
yiaT,OM
yiaU,CP
yiaV,IM
yiaW,IM
yiaY,CP
yibA,CP
yibF,CP
yibG,PE
yibH,IM
yibI,IM
yibJ,CP
yibL,CP
yibN,CP
yibQ,PE
yibT,CP
yibV,CP
yicC,CP
yicG,IM
yicH,CP
yicI,CP
yicJ,IM
yicL,IM
yicN,CP
yicR,CP
yicS,CP
yidA,CP
yidB,CP
yidC,IM
yidD,CP
yidE,IM
yidF,CP
yidG,IM
yidH,IM
yidI,IM
yidJ,CP
yidK,IM
yidL,CP
yidP,CP
yidQ,LPI
yidR,CP
yidX,MR
yidZ,CP
yieE,CP
yieF,CP
yieH,CP
yieK,CP
yieL,PE
yieP,CP
yifB,CP
yifE,CP
yifK,IM
yifL,LPO
yifN,CP
yifO,CP
yigA,CP
yigB,CP
yigE,PE
yigF,IM
yigG,IM
yigI,CP
yigL,CP
yigM,IM
yigZ,CP
yihA,CP
yihD,CP
yihF,CP
yihG,IM
yihI,CP
yihL,CP
yihM,CP
yihN,IM
yihO,IM
yihP,IM
yihQ,CP
yihR,CP
yihS,CP
yihT,CP
yihU,CP
yihV,CP
yihW,CP
yihX,CP
yihY,IM
yiiD,CP
yiiE,CP
yiiF,CP
yiiG,CP
yiiM,CP
yiiQ,PE
yiiR,IM
yiiS,CP
yiiX,PE
yijD,IM
yijE,IM
yijF,PE
yijO,CP
yjaA,CP
yjaB,CP
yjaG,CP
yjaH,LPO
yjaZ,CP
yjbB,IM
yjbD,CP
yjbE,CP
yjbF,LPO
yjbG,PE
yjbH,OM
yjbI,CP
yjbJ,CP
yjbL,CP
yjbM,CP
yjbQ,CP
yjbR,CP
yjbS,CP
yjbT,CP
yjcB,IM
yjcE,IM
yjcF,CP
yjcH,IM
yjcO,PE
yjcS,PE
yjcZ,CP
yjdC,CP
yjdF,IM
yjdI,CP
yjdJ,CP
yjdM,CP
yjdN,CP
yjdP,CP
yjeF,CP
yjeH,IM
yjeI,LPO
yjeJ,CP
yjeM,IM
yjeN,CP
yjeO,IM
yjeT,IM
yjeV,CP
yjfC,CP
yjfF,IM
yjfI,CP
yjfJ,CP
yjfK,CP
yjfL,IM
yjfM,CP
yjfN,PE
yjfP,CP
yjfY,PE
yjfZ,CP
yjgA,CP
yjgH,CP
yjgL,CP
yjgM,CP
yjgN,IM
yjgR,CP
yjgW,CP
yjgX_1,CP
yjgX_2,CP
yjgZ,CP
yjhB,IM
yjhC,CP
yjhD,CP
yjhE,CP
yjhF,IM
yjhG,CP
yjhH,CP
yjhI,CP
yjhP,CP
yjhQ,CP
yjhR,CP
yjhU,CP
yjhV,CP
yjiA,CP
yjiC,CP
yjiG,IM
yjiH,IM
yjiJ,IM
yjiK,IM
yjiL,CP
yjiM,CP
yjiN,IM
yjiP,CP
yjiQ,CP
yjiR,CP
yjiS,CP
yjiT,CP
yjiV,CP
yjiX,CP
yjiY,IM
yjjA,PE
yjjB,IM
yjjG,CP
yjjI,CP
yjjJ,CP
yjjP,IM
yjjQ,CP
yjjU,CP
yjjV,CP
yjjW,CP
yjjX,CP
yjjY,CP
yjjZ,CP
yjtD,CP
ykfA,CP
ykfB,PE
ykfC,CP
ykfF,CP
ykfG,CP
ykfH,CP
ykfI,CP
ykfJ,CP
ykfM,CP
ykgA,CP
ykgE,CP
ykgF,CP
ykgG,CP
ykgH,IM
ykgJ,PE
ykgL,CP
ykgM,CP
ykgN,CP
ykgO,CP
ykgR,CP
ykiA,CP
ylaC,IM
ylbE,CP
ylbF,CP
ylbG,CP
ylbH,CP
ylcG,CP
ylcH,CP
ylcI,CP
yliI,PE
ymbA,IM
ymcE,CP
ymdA,CP
ymdB,CP
ymdE,CP
ymdF,CP
ymfA,IM
ymfD,CP
ymfE,IM
ymfH,CP
ymfI,CP
ymfJ,CP
ymfK,CP
ymfL,CP
ymfM,CP
ymfN,CP
ymfO,CP
ymfP,CP
ymfQ,CP
ymfR,IM
ymfS,CP
ymfT,CP
ymgA,CP
ymgC,CP
ymgD,PE
ymgE,IM
ymgF,IM
ymgG,CP
ymgH,CP
ymgI,CP
ymgJ,CP
ymiA,CP
ymjA,CP
ymjB,CP
ymjC,CP
ymjD,CP
ynaA,CP
ynaE,CP
ynaI,IM
ynaJ,IM
ynaK,CP
ynbA,IM
ynbB,IM
ynbC,CP
ynbD,IM
ynbE,LPO
ynbG,CP
yncD,OM
yncE,PE
yncG,CP
yncH,CP
yncI,CP
yncJ,PE
yncK_1,CP
yncK_2,CP
yncL,CP
yncM,CP
yneE,IM
yneG,CP
yneH,CP
yneJ,CP
yneK,CP
yneL,CP
yneM,CP
ynfA,IM
ynfB,OM
ynfC,CP
ynfD,PE
ynfE,IM
ynfF,IM
ynfG,CP
ynfH,IM
ynfK,CP
ynfL,CP
ynfM,IM
ynfN,CP
ynfO,CP
ynfP,CP
ynhF,CP
yniA,CP
yniB,IM
yniC,CP
yniD,CP
ynjA,CP
ynjB,PE
ynjC,IM
ynjD,CP
ynjE,PE
ynjF,IM
ynjH,PE
ynjI,IM
yoaA,CP
yoaB,CP
yoaC,CP
yoaE,IM
yoaF,LPO
yoaG,CP
yoaH,CP
yoaI,MR
yoaJ,CP
yoaK,CP
yobA,PE
yobB,CP
yobD,IM
yobF,CP
yobH,CP
yobI,CP
yodB,IM
yodC,CP
yodD,CP
yoeA,CP
yoeB,CP
yoeE,CP
yoeF,CP
yoeI,CP
yohC,IM
yohD,IM
yohF,CP
yohH,CP
yohJ,IM
yohK,IM
yohO,IM
yohP,CP
yojI,IM
yojO,CP
ypaB,CP
ypdA,IM
ypdB,CP
ypdC,CP
ypdE,CP
ypdF,CP
ypdI,LPO
ypdJ,CP
ypdK,CP
ypeA,CP
ypeB,CP
ypeC,PE
ypfG,CP
ypfH,CP
ypfJ,MR
ypfM,CP
ypfN,IM
yphA,IM
yphB,CP
yphC,CP
yphD,IM
yphE,CP
yphF,PE
yphG,CP
yphH,CP
ypjA,OM
ypjB,CP
ypjC,CP
ypjD,IM
ypjF,CP
ypjJ,CP
ypjK,CP
ypjM_1,IM
ypjM_2,IM
ypjM_3,CP
yqaA,IM
yqaB,CP
yqaE,IM
yqcA,CP
yqcC,CP
yqcE,IM
yqcG,CP
yqeA,CP
yqeB,CP
yqeC,CP
yqeF,CP
yqeG,IM
yqeH,CP
yqeI,CP
yqeJ,MR
yqeK,CP
yqeL,CP
yqfA,IM
yqfB,CP
yqfE,CP
yqfG,CP
yqgA,IM
yqgB,CP
yqgC,CP
yqgD,IM
yqgE,CP
yqgF,CP
yqhA,IM
yqhC,CP
yqhD,CP
yqhG,PE
yqhH,CP
yqiA,CP
yqiB,CP
yqiC,CP
yqiG,OM
yqiH,PE
yqiI,EC
yqiJ,IM
yqiK,IM
yqjA,IM
yqjC,PE
yqjD,IM
yqjE,IM
yqjF,IM
yqjG,CP
yqjH,CP
yqjI,CP
yqjK,CP
yraH,EC
yraI,PE
yraJ,OM
yraK,EC
yraN,CP
yraP,PE
yraQ,IM
yraR,CP
yrbG,IM
yrbL,CP
yrbN,CP
yrdA,CP
yrdB,CP
yrdD,CP
yrfF,IM
yrfG,CP
yrhA,CP
yrhB,CP
yrhD,CP
ysaA,CP
ysaB,LPO
ysgA,CP
yshB,CP
ytcA,CP
ytfA,CP
ytfB,MR
ytfE,CP
ytfF,IM
ytfH,CP
ytfI,CP
ytfJ,PE
ytfK,CP
ytfL,IM
ytfP,CP
ytfQ,PE
ytfR,CP
ytfT,IM
ythA,CP
ytjA,IM
ytjB,IM
ytjC,CP
yzcX,CP
yzfA,CP
yzgL,CP
zapA,CP
zapB,CP
zapC,CP
zapD,CP
zapE,CP
zinT,PE
zipA,IM
zitB,IM
zntA,IM
zntR,CP
znuA,PE
znuB,IM
znuC,CP
zraP,PE
zraR,CP
zraS,IM
zupT,IM
zur,CP
zwf,CP